[-0.7254758326485216, -0.3733412272200121, -2.047570366543367, -0.6130655412912057, 0.7906948097296621, 1.2733862297733922, 0.802807611364001, 0.6557737924997366, -0.30479152286356515, 0.1104579999111488, -0.29682604735578894, 1.2022243921034463, -0.21845910985745842, 0.2090665198243742, -1.4215767400353219, -0.8566789767042875, 0.8682513013739915, 0.7277480665270787, -1.323494759214841, 0.6740895452025151, -0.4383535064279926, 0.12506884785311073, -0.37461477505446317, -0.4027828412777659, -0.2347070199727758, -1.4360018403424775, -0.48716410613948447, 1.4977400157294658, -2.1006152793899324, 0.17566626427742707, -0.9807240327002769, -0.503257425834708, 0.332031957283738, -0.45501532583868165, -0.9198245154816008, -0.044902650143305564, 3.3307746468952657, 0.9089478332574514, -2.1120706808817555, -0.5011171980069971, 1.0311069858449537, 0.9264576024427004, -0.03670429724137264, -0.5518653295681043, -1.2303205299308069, 0.29509670569373075, -0.05538295650053323, -0.9810975465703915, -2.184041751186613, -0.909671774999034, -0.3418076477778832, -1.5293855227117212]|0.0
[0.05282713906882553, -1.0252745739679747, 0.41434497411222787, 0.9008822676325935, 0.28787927422989, -2.5686972463179, -1.1023006970445897, -1.3885246837361453, 1.1434805432219384, 0.32823892715519704, 0.8183372173617461, -0.034676768847749034, 0.8760862005666914, 0.28946049572207233, 0.3588979284923414, 0.7081899109151489, -0.06379979582716913, 1.5525018059122322, 1.2560573990878567, -0.8172357280508193, 0.6674172537088068, -0.2666795451249885, -0.10226785824857529, -1.0577594435444013, -1.0127784466611798, 0.6570987071196052, -0.584496743516114, 1.3796387669551171, 1.5983668773781892, 0.07131591086743616, -1.0666904974388471, 0.11833498357726227, -0.13723503096997494, 2.2626174615004415, -0.25016489496522387, -0.9289757874875078, 0.11992999079704306, 1.0146747021769547, -2.0654484554451384, 0.4259715323813144, -2.0732733026123253, -0.46648244652082227, 0.6511371788618115, -0.13746354797760874, -0.4462902918062118, -1.0487424836312986, -0.13104300769692562, 0.8324937278879839, -1.3419980843837152, -0.013134445399282532, -0.380481181669171, 0.3523650174129588]|0.0
[0.0689598164867448, 0.3645025399613115, 1.336549262314312, -0.29742443989908635, 0.8050235036657107, 1.9429196372338866, 0.8374704888428258, -0.9882700827420845, -0.25535719716377314, 0.24076656245836459, -0.7814833292414851, 0.24485421951510816, -0.05162092380365406, -1.0420817439044647, 0.18489781135474787, 1.9911587072208827, -0.6185020518004498, -0.5966560355072935, 0.023347484784624034, 0.934284952113769, 0.6999283956885153, 0.6854547816161771, -1.350863207797465, 0.48904818363219954, 1.0501508673879705, 0.7692400977955267, -0.1763529699582065, 1.2041526059218317, 0.028503924104740178, 0.5064666570877617, -0.3752633154829932, -0.29189523173590287, -1.2733699087922286, -1.2403791601913972, -1.081606660474559, -1.0638041228264643, 0.09877174993784368, -0.4826853425924564, -0.6494980423588042, 0.7177450273573838, 0.621054788818996, -0.22741066039161387, 0.5128604576645883, 0.5704677638352439, 0.9776563283063051, -1.4976861654532296, 0.1481262926477794, 1.0379855029379674, -0.2446925857827883, -0.14366335295894853, -0.674530210699162, 0.8660228073295415]|0.0
[-0.8884724322709285, -0.20888115475152924, -0.5983776979409795, 0.0708155369498092, 0.5315380098387318, -1.6138332556199657, -0.12748065818735027, -0.8464620499930768, -0.14619053275723193, -1.6975249107124584, -0.5503703272351707, 0.503589337944989, -0.563138994934036, -0.6248755847265739, -0.8325527184679904, 1.2727004120818266, 0.21575788935909324, 0.8968383939262158, 0.08131701592316984, 0.5566593881742712, 0.24433561532426, -1.1664015265710923, 1.6865695212541805, 2.0265425280646627, -1.1171653296428106, -1.6822206901674073, 1.7910875534834594, -0.9257473311983007, 1.059037409893304, -1.7659807431536838, -1.7567181311577544, -1.322137452195612, -0.35508202470941247, 0.5997974250886455, -0.3489275751414178, 0.23772893870054243, 2.3644237348475716, 0.22994642726654815, -0.9462324830635801, 0.04560667827594302, -0.5702082263695233, -1.2717601882270857, 0.0035314809757363216, -0.205990185271915, 4.019214551239494, -0.10502841502102848, -0.2923947545817834, -0.6572401557162639, -0.019312455940237425, 1.0622546725708366, -0.9665607652575925, 0.32421889139164295]|0.0
[0.31780046643154447, -0.04767320188381921, 1.3143558727261857, -0.4249575138591494, -1.0765508188337014, 0.6086792888187832, 0.17075445001198014, 1.5708409784588737, 0.8406667333307615, 0.16141035210144494, -0.07282165794152269, 0.498875619207446, 1.2342959244840561, 0.38733140510925074, 0.04258513207004303, -1.0809191260327378, -2.7644913967380145, -0.2710353910410537, -0.5921252031387894, 2.310997593099922, 2.1360000767723566, 1.4827354258895988, 0.31348320718745754, 1.6168325841133393, -0.5681407739873435, 1.1542578903873593, 0.4728077124167406, 0.43962218567132344, 1.3068980093045468, 0.7805162093366731, 2.0317933914728004, -0.3099586562806148, -0.00789314074571039, -0.7375521372927079, -1.4009370050905856, 1.319850903814436, -0.04970505715340241, -0.23665679288573338, 1.2439920917115408, 1.1944692160335284, -1.1744687928237716, -0.536922043768051, -0.3845462439887158, 0.469574711566776, 0.2767044876401785, 3.310690959670328, 0.4207307925450992, -0.48806312714753813, 1.6894432921098042, 1.2474157257097287, -0.043914759826590925, -1.172597730038462]|0.0
[0.534114161262331, 2.344848062077252, -1.0985947373741447, -0.9452018412963175, -1.1701316052476927, 0.017706159782827306, 0.48445187824242175, -1.3629773384324604, 0.43466387992030336, 1.2496664361200036, -0.06961106215291554, -1.6949242488529705, 1.2023576345026707, 0.7000717605123585, 0.4783228481376891, 1.1207039699887706, -0.2151564150352053, -0.9819624348093655, -0.4651974369194398, 0.29294576962809116, -0.07665271306508614, -0.10314826304718004, 0.29227848150893915, 0.5520753005646155, 0.9265403303059928, -0.004233841157338636, -0.33862127012843735, -0.5771052146630464, -0.32979490069706835, 0.24322113385481717, 0.354023895629416, 0.873470123536462, -0.6791551627297415, -0.9620722327792907, 1.0046684806097783, -1.018996716887544, 0.8002034700277507, 0.7913297575852506, -0.8906733840383203, -0.052338456542237226, 0.40565476308508436, -2.065918662472819, 1.1327343134319237, -0.4442512607764342, 0.6402197164779964, -0.16810436574972543, 2.689382585376539, -1.4125683577117152, -0.3291174873288352, -0.9344989964464105, -0.9542006246758857, -1.658213989367521]|0.0
[1.152334554952952, 0.3113187273734399, 1.47741047737787, 1.1875695286448502, 1.4907383991590675, -0.5009633433755312, -0.24036588133599776, 0.6561150434331755, -0.07059778664333519, 0.7069681070865363, -0.7924585975431464, 2.4767429421912746, -1.2877672701356746, 0.8790739368565277, -1.319396903062147, 0.3670430978181475, -1.10144726421632, -1.1827215447213006, -2.37178822657418, 0.15894335100025386, -0.22355784733948153, 0.20476473094526618, 0.4153215829570248, -0.5386037557372142, 0.029202544772497317, -1.0304690603778623, -0.06143672446930963, 0.3440196377774984, -0.999671861355408, 0.411833091812685, -1.0543520644616158, -0.017094264620750543, -0.37246566992189667, 0.2714221253274242, 2.2314406102450324, -0.7896886132615462, 1.3499640633679122, -0.1458480767262019, -1.4404480009545801, 1.8980132705752035, -1.8250941904601174, 0.5433685513566805, -0.8001216119970559, -0.7697176163085561, -0.5930402709315512, -0.07168048212055146, -1.5348369147573413, 0.7020243836155712, 0.38246468213201157, -0.8298171951727559, -0.7703705186971951, -1.1312307455000274]|0.0
[-1.3822645748444364, -0.5054281965670467, -1.4489831555681154, 0.6112635312954271, 0.40339781029026767, 0.4355599531830187, 0.33583213156808905, -1.8254634996093424, 1.13538705078455, 0.8837889304916899, 1.0292952091543834, 0.7473359193398893, -0.9360944675010164, -0.6349191910377207, 0.945794470477278, 0.3849144827257561, -0.5382918847477751, -1.7299333216286983, -0.7608104117944369, 0.9333928762769048, 0.012199695552459587, 0.4591775166528963, 1.2326181902950448, 0.6775980545543785, 1.6485845229122904, 0.4592397326358153, 1.0031791242221557, -0.6555162611230531, 1.933198141968724, 0.7297995050397645, -0.720595115406407, 0.30533887305846175, -1.4850060775901708, 0.24911142561162153, 1.9959151202912402, 1.0404489161216224, -0.4789844076228074, -1.4594761355833654, -0.5277301973601044, 0.933501655251459, -0.15701365035192655, 0.48799306131129655, -0.06609384431372413, -0.9970667521301843, 0.290772506059853, 2.0599723152364775, -1.3673983033588029, 0.18571461707376258, -0.22442646361622748, -0.09105763695151098, -1.4932004693169463, 0.8982300821234348]|0.0
[1.192009876304308, -0.14790199541102889, -1.246249312649266, 0.6594643619661877, 0.09551391632334598, -0.14295026942414743, 1.0201768849941022, 0.3307227923403043, -0.11664856262350944, 0.4903552901156793, -1.0206121168685056, -0.4093734050920903, -0.9008943260018666, -0.12820203061739016, 1.1007062284811808, -0.40065097550447665, 0.8802687617283927, 1.6139053964491377, -0.46342918765367974, 1.4677033107682151, -0.5579745841912847, -0.22037622338162344, 0.8074745763938033, -0.40502972422568195, 0.12432874325930686, -0.49812804511876463, 1.2125581824349174, -1.4666560811811566, 2.3469537147377957, 0.2666352187696757, -0.557051406072498, 1.2914394952225752, 0.46579909070889797, -1.753219828823901, 0.8902465806917056, -0.2512124588468243, -0.4240937617703232, -1.5102561361748488, -0.512448246039703, -0.20317931958975874, -0.5713333453317393, -0.02870383158812153, -0.802505754707605, 0.5444408617644629, 0.6379762865901817, 0.543711940067633, -0.15930888207580784, -0.26610914629632804, 0.22446437727491383, 1.1536407964418494, 0.09886722301924478, -1.7908890785011295]|1.0
[-1.4948124190981729, -2.5312361863173267, 0.059192570067572454, -1.1158522996546876, 0.5145152283036398, -0.613937807950699, -0.4277825989739107, 1.4499691391107343, 0.6702545188708445, 0.5075452098295662, -0.2548634536218722, -1.5606015170124408, -1.2676462389538845, -0.32715784105242063, 0.062357925045359405, -0.748273879617938, -1.4096585620227338, -0.28501603666068476, -0.39844433397622236, 0.009242335295808464, 0.8020619064461256, -0.031337389055483895, -0.01601815785753764, 0.49250089040205014, 0.38400885684859365, 0.6259286634697685, 2.081068382024204, -1.743105885132334, -0.45509441999203587, -0.05179041942226978, 1.0399889083412084, -0.5435486489891225, 1.5760997704399053, -0.594703923533751, -0.5639869936050144, -0.24373422845636428, 0.38396908057327145, 0.14453127263660992, 1.3315571804094892, -0.6063862141043141, -1.5536935614687182, 0.5102045371475443, 1.2772435680055, -1.3545411755751091, 0.3117887167905552, 2.4835989567884327, -0.039902214708799164, -0.22672745919339812, 1.2384323306433278, 0.97018543911197, 1.264408113745867, 0.527178562212641]|0.0
[0.06494760344900105, -1.5249856587699944, 1.585027165657263, 0.2754175466046794, 0.8200035837190061, 0.7861620759282897, -0.3137231050838401, -1.3540834232930115, -2.027286566489672, 1.320885484570844, -0.8297321349419632, 0.5079217073626897, -0.6197822621534338, -1.5030198603098455, -0.10257380748608624, -0.5273862205321724, -0.15676581239280388, 0.28096109045072604, -0.549790002631668, -0.37154150748591663, 0.25386397029446156, -0.01967451034207292, -1.1212514082386238, -0.2954773322291544, -0.9821682100736626, 0.9558021219397017, 0.9319974139243068, 0.6035095968281765, 0.12304213347771027, 0.080833554427667, 1.1732950171157537, 1.3693904058904411, -1.2054251525764048, 1.9601559366416912, 0.23645635852554978, -1.3581055117934204, -0.05674533987788784, -0.5119064517821198, -0.10551331113425456, 0.2532019404765887, 0.26616071053825174, 0.6128241214625623, -0.7811734403569034, -0.3205246629261657, -1.3972705086649966, 0.202458897768884, 0.4239258973315945, -0.010232573329429838, -1.4480775970281472, 2.1800675084039214, 0.8579909722267357, -1.204828890396421]|0.0
[1.0114445054662182, -0.2294451925955898, -1.8566210749908136, 0.13054697099795898, -0.16139564138116122, 0.285298285413049, 0.17209169243822825, -1.5694361400691952, -0.8393991448130291, -0.431977898737383, -0.34394158442707234, 0.8016164931663743, 1.4026466846466976, -0.5525448927826322, -1.9190615919155416, -0.9659717123488379, 0.17635438526368766, 1.1379536318048946, 1.0445865400049246, -0.12964184606475587, 2.931303534615104, 0.2294407833039197, -1.8163582828625395, 0.4943892729551211, 1.1551200863129867, -0.1970181691712682, -0.4439514541187766, -1.2755562533754041, 1.0143203205289328, 1.4295424551582712, 0.4375500532958839, 0.18085105784359248, -1.4712795979924798, 0.23101188215717425, 0.09960462536728247, 0.09171250862692733, 0.4995325511951331, -0.21277325174114164, 1.1739530201785053, 2.587973419941615, -0.7144032752830441, -0.3112556576734178, -0.3346741040607572, -1.0984578466577497, -0.4034566243402561, -0.8158421478905337, -1.7559412134525823, -1.3542667609255872, 1.0202581279571306, 0.34721838858103726, 1.2761627591580298, 0.07727061828235243]|0.0
[0.8854989647727849, 0.17762250586277586, 0.012374620592911917, 0.17475414553413443, -1.321359151903207, 0.25181224823456533, -0.6238130826347937, 0.08214505128091001, -1.9878820810231772, -0.9903883106165577, -0.04844179092790124, -1.0649765224633998, 0.951810529081172, -1.0879881556741153, -0.16269943547157437, 0.2370973108344257, -1.012798026278114, 1.4348598795201293, -0.04232432455811189, 0.14720368716351084, 0.12426561134644559, -0.5075594375307488, 0.9304514432764137, -1.0758902894626763, 0.5423452309235228, -0.5796697530012709, 0.4448125311527894, -0.034103828317921525, -0.9617255812516615, 0.6221509034018197, -0.16560137030868408, 0.8749437232021231, 1.1571451004105806, -2.253465258437198, 0.5897061719872071, -0.3181916246630329, -0.730465863476661, 1.547036267334916, -0.10570009540156909, 0.4683955119435141, 0.6089883307946855, 0.5915145253226229, -0.6607231844075179, -0.44820381594022607, -0.12425194419269939, -0.7553402098959432, 0.9623976544118356, 2.491620059112289, -2.0687483171966736, -0.0370425680984053, 1.9276596957428667, 1.0125224630101464]|0.0
[0.3894403068812112, -0.3369222419398809, -0.19841347849590169, 0.16283533436389666, 1.0739741411794619, -0.5617128724425372, -0.4318193768995781, 1.266415957881986, 0.040107407688163794, 0.6863875115158481, -1.8511587696854028, -0.5214835348314699, 1.2026956191181688, 0.45802765524946204, 1.9621420276599326, 1.4007838292963977, -2.439420453186819, 0.24093406126543807, 1.5107338096421867, 0.8032929793803154, -0.6073825036904239, -0.9358832071746939, 0.181089674444258, 0.35504861214010075, -2.073815483373909, 0.06375476761601154, 0.13598778521555346, 0.5724081000762636, 0.1847964571182582, -1.8379593065319157, 1.259315725893394, 0.7062868045579097, 0.07463450592667362, 0.7088790363794757, -0.6622440806831686, -2.281789224670602, -1.0861083578565043, 0.10105502843862152, -0.07401950774889916, 0.756544698717085, 0.7222451351733244, 0.6005195049487441, 0.31602213264672085, 1.7129428691576731, 0.4618281243728938, 0.862538500045477, -0.0667735466050867, -0.5132501223709834, 1.138781651192823, -0.28428240861435483, -1.2152915123772414, -0.9515368778493313]|0.0
[-0.29063724452903034, 1.2083075505787666, -0.5321194390339677, 1.042824848255656, 0.46206595082535074, 1.4897594612205722, -0.06497277641593907, -0.27413325186919746, -1.0879146877132027, 0.4963757755195051, 1.091301343050857, -0.3273003148880737, -0.06408066573970125, -0.22732284639143882, 0.8568334089324223, -0.129336371154557, 0.41066486734351326, 1.1655203788931425, 0.49881281344228656, 0.2535036430860505, -0.051698001224198105, -0.02797506125534921, 0.01555003244478535, 0.6486737567445409, 0.13983045062889887, 0.09463621169206997, 0.15739691559967645, -1.3342503010753832, -1.040247002377495, 0.42965301276851126, -0.25479697332183515, -1.1191712611474953, 0.1100847610754182, 0.7710400642823635, -1.234928263459514, -0.8997543084277813, -0.05033333667404923, 0.5718315709450854, 2.2254115198780156, 0.9427037387053281, 1.0789897088776799, -0.11666863269879783, 1.415151623588159, 2.1113810765882066, -1.5458916713918274, 0.7945013047216991, 0.07560369353815816, 0.7273837208634418, -1.0390765981941936, 1.7454556694052308, -1.0978142080725934, 0.041885833400777686]|0.0
[-0.45959173822185384, 0.20375357351328885, -0.2951371591343272, -0.2806217355515459, 0.14265199841834303, 0.40869226827488686, 0.08548236338688348, -0.5617789428037326, 0.7891290847630377, -1.7395732829383848, 0.4486188267400247, -0.7576873243588238, 0.4919135687096421, 0.189533831754782, 1.7091433886063492, 0.8907120985692283, -0.5020299842481963, 0.7653472208173943, -0.19513481540909566, 1.7529664475474203, -1.612421668736586, -1.992240250723682, 0.28725884032235216, -0.8462626163256267, -0.13814967516541304, -1.1210276406727364, 1.4555264727949224, -0.5103618105241344, 1.1386365044950921, 2.237002359094254, -0.4082150257318401, -0.09323959568405807, 0.6641012067163296, -1.2194265725695814, -0.21968690620230885, 1.856696456964886, 0.0692008105618571, 0.8660449569765893, -0.8976858006134335, 1.0087178148707685, -1.1084554438809608, 1.1015859351500303, -0.632921967874651, -0.40254254081043883, 1.3666478293864102, 0.6850994911650679, 0.6441196185886322, 0.597613195325331, -1.2677558604267747, 1.0530286167776672, -0.0684414275372975, 0.31146130603829986]|0.0
[-1.415821796225152, 0.5479661289681304, -0.39388900432432017, 0.7009169201838381, 1.8379885229856046, -0.050511302339179276, 1.8770620865120735, 0.6158773930768119, -1.2434457492443833, 0.669794759778723, 0.22626723865654974, -0.9403171762796111, 1.5991832664020489, 0.20156524142078933, -0.626960725301747, 0.05199848069831459, -0.6187769076968713, 0.792606432884316, -0.06992250815803387, -0.13715426058641278, -0.5895539551430291, -0.1887419050954918, 1.034480620792512, -0.018390799823435038, -0.5928719284646381, 1.1792748201936905, 1.499994412214562, -0.03062683298276276, 1.164290139294271, -0.9433533909135782, 0.9697649204617693, -1.1516794541118247, -2.4071635618949205, 0.8926063788408678, -0.6087739664574177, -1.2647996452334838, -0.5647221796680975, 2.004488676004834, -1.9156543612910586, -1.6048392774577722, -0.6854620048263592, 1.701987112149483, 2.0400935947027525, -0.017678189773302006, -0.9855882942826635, 1.1017662425700054, -1.4994811307077718, 0.4567065476487109, 0.4720160298680213, 0.4404315803524313, -0.16125830177008307, -1.068264292216781]|0.0
[-0.1972210948876331, 0.34904294883475534, 0.8992284373789114, -0.9825369095272415, 0.14241336962510578, -0.8577730083807938, -1.0106587456550797, -0.1556443583743912, -0.6369963732148342, -0.6628018557843462, 0.4810624564579453, -0.03352106005979601, -0.9232070566476768, -0.1661683548933749, 0.7562014941953611, 0.9211539719662201, -0.6962013598869387, -1.2381782600328766, 0.8296122946280411, -0.9194221234111766, -0.8307738332709975, -1.7618195186032748, 0.5138092881447752, 1.3209287152879208, -2.042138483548606, 1.4375698598267124, 0.9246961677757035, 0.0023436431112258704, -0.11760367726766383, 0.510470197679323, -0.41476458326417187, -0.2112184709154804, 0.6154578785244404, 0.06883154800864609, -0.20413052470064158, 1.3141224305472736, 0.7393335351301749, 0.6107414793482787, -1.178367711412195, 0.037543444231323726, 0.7993073427280072, -0.03793937643200096, 0.2625043406535096, 0.4803131402887109, 1.02016912424626, 0.27372459411444117, 1.358088907199138, 0.22864720299864974, -0.9714964516395559, -0.32096316458393914, 0.1800563420708281, 1.7967575098627697]|0.0
[0.3943760458115217, 1.0762392433194945, 1.2871586068017813, -0.7610498467000769, 1.012012928642834, 0.4696933969469456, -0.9047699560905458, -2.2255003006102867, 0.28101947957133605, -0.22942850035689094, -0.9167906107679185, 0.5581377617327392, 0.21744030906056716, 0.6804593301208637, 0.8571756514256688, 2.022296821230182, 1.0861927306456864, -0.5322639244629681, 0.024279524404631547, -0.635842167014054, -0.3256202487052328, 0.39304982307774256, -1.7871847630822355, 0.00448376535627534, 0.9602597163038457, -0.8494412688231477, -0.04544071257632223, 0.17463397254186414, 1.2995055753563625, -0.5847138877920157, 1.0432442966883384, -2.379690970883229, -0.7855601456383178, 1.3659260913220057, -0.006493108972920737, 1.408177764985849, 1.5677986269712596, 0.26331061280498425, -1.012896804774058, -0.3060500080936804, -0.1373700150005297, 0.48856617562118904, -0.8794168247636103, -0.21693630294842373, -0.24179949314440893, -1.095060410509619, -2.1943571401920234, -0.9025296025873158, 0.08818193938728335, 0.6299373863120584, 0.42600307439737933, 0.3819423431673344]|0.0
[1.1066490169898668, -1.2599963683446158, 0.005686338075767397, 1.6793186808178433, -0.4301897723328307, -0.4568623407934894, -0.721429235373971, 1.2497904484105202, 1.6725680632612834, -0.6745940113174708, -0.5768048567727575, 2.226091996859215, 1.6773930921410374, 0.7374543894817023, -0.43686005505909553, -0.3393908145836723, 0.017844641654627496, -1.3507644624404613, 2.3579498676151607, -0.7008074997811236, 0.4589120722984532, -2.2222911034870787, 0.1366611332554452, -1.4657920315591917, -0.35155231126890485, 0.9402600397476687, 1.4481649088480144, 1.4458754105881366, -0.315922500362168, -0.21631422190715882, -2.5133960335481755, -1.1931816933243726, 0.10538622824173972, -0.9217091549946184, 0.365525883476018, 0.4744825594349203, -0.1493054820513237, -0.8528732622485936, 0.7826169287488505, 1.4263094633747913, -2.272548690031732, 2.812654408314127, -0.4480577123453861, -0.10392743204328653, 0.9715684440403174, 0.20676169786314003, -0.262184955228157, -1.1137107808427895, -0.49799434651770746, 0.15062294917908287, 0.20470516258985055, 1.2324530056309932]|0.0
[0.020058676012040345, 0.5792114633020112, 0.26639230273343595, -0.14936046659194396, 0.8505101805722931, -0.5599965025638219, -1.3112979639117137, -0.05267515672723211, 0.07693179871542546, -1.0776961278602857, -2.109987799452367, -0.24321643123947342, 0.9285557846603404, 0.7367499538859907, 1.0160277448854564, 1.4568013151141164, -2.0356349360765336, -0.7430382003436349, 0.09422441130367791, 0.14988409809632783, -0.2502034810091292, -0.5718738665570359, -0.023349684093098996, -0.553827445228611, 0.08026553414109364, -0.7213030524958938, 0.251089980134715, -1.5330915037626565, -0.16722727896959227, 1.3094998504972992, -0.2668574453289155, -0.5638380400643469, 1.5561877108888953, 1.126470986270545, -0.11081591671438328, -0.47971557587450875, 0.08983068505200903, -1.2123373229010421, 0.13707490154175705, 0.9540351438353608, 2.0777376511392904, -0.3566283780906036, 0.2618261609504474, 0.8319649454316101, -0.406584251303253, 0.9174217571482344, -0.22932747120094096, -0.6651594898335268, -0.08379593665707583, -0.6545850767829337, 0.07847356986885626, 1.3389160846515815]|1.0
[1.3987347663308394, 0.908175869981762, 1.2670742814308265, 1.412172870231906, 1.3731939181606818, 0.9762753145713098, -0.6900125821034252, -0.5313989621935117, -0.8416948493270591, 0.10614156913786144, -0.3310765747230378, -1.300081241682142, -0.2245963101590463, 0.7703621893189889, 1.3388772757862004, -2.032514816944984, -2.7733505096932216, -1.374036577264227, -1.8479300745678933, -0.09133821483485287, 1.0735881348508278, 1.432942430420528, 0.8860923121484032, -0.3603544789374759, 0.5927878964730489, 0.7606659439415574, -0.9795800205390769, 0.5379656894268711, -1.4888997110803242, 0.14288857389732107, 0.42185255880899175, 0.7305688451550109, 2.4229459861975813, 1.8996856698797517, -2.3571347114745103, -0.7724127518576523, 0.348758682756782, 0.23708632654323716, 0.17375758293591656, 0.21303905120506547, 0.7327053746977695, 0.046383196377048234, -1.4088038173686976, -1.7593394010997705, 1.6452292149889343, 0.1917822781230667, 0.28871780282278575, 0.7757079333337502, -0.5101106042415754, 0.019155037493321973, -0.7779297245735943, 1.1466741144391237]|0.0
[-0.6900161499579917, -0.5508267271532946, 0.5455861759355383, 0.7432560679029052, 0.5239059391834734, -1.2556956295307773, -0.8226779601608141, 0.8960221531652339, -1.7517449405130783, -1.025510986371996, 0.7663104666975418, -2.1290753920735965, -0.3819884338007351, 1.314081736696617, -2.489784917865512, 0.2491019470686938, -0.14986100398507451, -0.21470201253715565, 1.9570166721061923, -0.3270464843080097, 2.6326124545544185, 0.4708103889536142, -0.3499142969623003, -0.06667168782148447, -0.9316846035786509, -0.6965658610543892, 1.5848629702948707, -1.2979083819836994, 0.02942733045462451, 0.8586798185792627, -0.44219576520974135, -1.1642576184366766, 0.5726174605304469, 1.160760153311445, -0.3600352405087974, -0.6457501814341219, -0.3581200797406172, 1.178501271755004, -0.6968113641933651, -0.7082330454681305, 0.35135479634314776, -0.797040155298655, -0.46099058208564236, 2.1992437176700945, 1.3484980498072858, 1.0481353677561926, 0.3607126796415782, -0.6269355312877569, 1.4149031958332594, -0.20977494193504134, 0.8997183884263121, -0.6040874723940359]|0.0
[1.4569594923240885, 0.9807315866767713, -0.627221428404286, 0.6798775015868732, -0.6150380419224022, -0.3347810711699567, 0.3180989285271758, -0.49358110125081756, -1.959111224351771, -0.648584228519788, -2.1779099827530484, 0.41248442788959383, 0.6280026748481562, -0.4267213647437898, 0.43484239535541575, -0.002184326719891614, -0.04982083158388696, 1.938724641915361, -0.34151232529796666, -0.3335962361355703, -0.4645448601466922, -0.601437391965679, -1.9685611174126074, -0.34311368244339124, -0.19232638922014975, -0.6968877579978372, 0.8695514791256181, -0.40272913570831564, 0.6935669281464797, 0.08934369578684122, 0.3686969685710845, 0.3845982950399682, -0.962988273951554, 1.7459067484410373, -0.5140294019964916, -0.21838325458681943, 0.1880554282045059, 0.010273717669634419, 0.10176419871850634, -1.7150445333532789, -0.12223763096330446, 0.1714496235384499, -1.6899668846504838, 1.6684684994526016, -0.4147721788929279, -0.6793740887607203, 1.2300557347193453, -1.437800678681326, 0.8484964645152694, 0.49914177362508305, -0.5703828540293929, -0.1870843070779749]|1.0
[1.5522190576903774, 1.810539985391622, 1.6810042872049225, -0.3405351876982573, 0.2472987293259015, 2.0349048233601508, -0.9861216240508672, -3.1300459873903006, 0.34464581083734586, -0.36677227783504324, 0.8066962719452084, 0.15459301209160933, -1.723108237991788, 1.0567559560651636, 1.5372060575081437, -0.2638291272870138, 1.7205794642931913, 0.5666242071493741, 0.9200813242886535, 0.2871420843835972, -0.03991388008926395, -2.464956117855831, -0.6507316845562966, -0.5881315005933957, -0.1359687735211616, 1.4791376492463726, 0.15417922951742408, -1.8964775169578192, -0.5393272963661045, -0.1382650492442808, 0.26066247119920066, 1.7797844696314151, -0.47215221295735715, 0.19743201354673237, 1.4290646277040095, -0.9979126414982737, -1.906081213292361, -0.5907470806544148, 0.9299286853336345, -1.235503785234749, 0.715230638733265, 1.3572446290643267, 0.7452306671177493, -0.04530817564951199, -0.40317095915668194, 0.1318662179079189, 1.004907567557557, 0.8510812168156593, -1.259389713708735, -2.0619717962820494, 0.19912924026505638, 0.45997313930288686]|0.0
[0.2635083908742012, 0.47098208103317796, -0.786564337110808, -1.5499369422093787, -0.804124093814839, -0.26067377941817216, -0.28929451307412735, -1.728492781029639, 0.2700911808027111, 1.832714169095918, 0.9349254859916161, 0.672857435104141, 1.2278811232190714, 0.5644266805724178, -0.4266190872348519, -0.12592109912167707, 1.4722575795728199, -1.7529883849864611, -0.14087876704089525, -0.9977066171214944, -2.218258488352391, -0.6748977036322099, 1.2903775819820125, 0.3998172334356468, -0.62893887282709, -0.4149956239445036, 1.4441196452716716, 0.12361475319924038, -0.3604611338152172, -1.0280604674820124, 0.4961805894018779, 1.0039904599424194, -0.004325940741360299, -0.43897734925092186, 0.042748901811241656, 0.3782333976172005, 1.1732837135486938, 0.30306810443449833, 1.2230757642004175, 0.10632196019815934, 2.0421554993117175, 1.980053302830388, 0.7367881083146591, 0.7186615135639227, -0.19677450650403686, 1.0068430184770683, -1.2556745578479673, -0.19405107007473707, 1.1720930444037094, 0.8607723935178261, 0.4508695234899252, -0.4034771638950461]|0.0
[0.736097346799384, 0.07367514960607899, -1.8178170654411614, -0.14207666513853953, 0.10737896287553915, 0.025896311118040315, 1.0805753885099523, -1.5258114447264612, 0.12036018327735096, 0.31233962728492626, -0.9983215477395313, -1.798444005242394, 0.861138009951362, -1.3579919636835465, -0.4995233167410874, 0.5411361477762053, 1.545301880826265, 1.0532929058914364, -0.2180573146768224, -0.2330372679479499, 1.9143035013710497, -0.35793761203355295, 1.1466018039865835, -0.08133974124866239, 0.2199185962722745, -1.1256106628243294, -1.1087405469662397, -0.5607274760123255, 0.04362499600473561, 0.21707481685918537, 0.47564652920152395, 0.20144831161888835, -0.1657853024594766, -0.8024990157044375, -0.36666733209736757, -0.6106566580189315, -0.9000104851684637, -1.2786167747141353, 1.447508731285996, 0.8965776054756995, 1.1589008776482965, 0.4150575520703356, 0.4184770724874746, -1.0835356043939641, -1.2057077097324158, -1.0982074067623304, -0.3042056662539383, -1.4428961410840198, -0.23627087296475446, 0.6782774865065385, -0.6131793046620443, -0.6314703928040767]|0.0
[-0.9412130905941619, 2.550867164968002, 0.13025340037606256, 0.28636262176236665, -1.544941112713169, 2.5734026424130505, 0.18071446723720372, 0.716095680517335, -0.0829410815105005, 0.5851733835007563, -0.23185247517419494, -0.019321138127101872, -0.9151753670861835, 0.5416697495097644, 0.008216065193163357, -1.0518628204512968, -0.25537713324421846, 0.9771997528331373, -0.027241339898961665, -0.40555974486521773, -0.25910410902648306, -2.107372910688782, -1.2895061624405302, 0.8782142875873465, 0.7272769737374677, -1.540387487292954, -0.3666024367911545, -0.6507978759193641, -1.6772071673307059, -0.15293761358088503, -0.010018582363408052, -0.6705641040229057, 0.5414636002740558, -0.6350723853230722, 0.6037182413948076, 0.15722035604633697, 1.295325356701307, 1.8927606624718758, 0.3775839944858466, -1.6611479062058723, -0.06465689964556326, -0.17467033544462152, 0.29121474424083305, 2.0708288958064434, -0.8629641519656023, 1.7828153065943828, 0.1516403618099345, -0.15073885535731943, 1.6550511204996383, -1.3193374656820254, 0.09800766794111423, 2.3249496393017366]|0.0
[-0.3751701257836979, 1.2829006405803294, 0.8143780339501172, -0.21495693161869514, 0.8601374958662337, 1.1555762275431858, -0.6946764280805448, 2.5308873187003935, -0.5507324183330129, 1.2592653958627482, -0.4065400701584699, -0.40900270278012724, 0.7276552328780047, 0.3771571297276041, -0.2906313097260641, -0.6580533049333176, 0.25668565933251736, 0.7169433876092177, 0.40609494576964067, -0.2815067555250591, 0.7223643721743576, -0.9833525202158085, -0.48998966377480463, -0.9514348581459181, -0.5923262258115558, 0.08642895494672088, 0.16397066086167494, 1.1076063367369946, -2.493703308680726, 1.3085320521751675, -0.3243078364845279, -0.7689707743981501, 0.42605076747375226, 0.4252718018191509, -0.12198323695821855, -0.3970770596556958, 1.7140789554151394, -0.7790054653108, 0.5345906317971033, 1.88496178540055, 0.217196412678192, -0.4782018184688987, 0.16374032661382523, 1.1944324138457638, -1.2348514170643146, 0.04356233041713771, -2.3266343331316874, -1.244117614445511, -0.1805812793943537, 1.0280822750990721, 0.526096563526318, -0.10254887692759414]|0.0
[0.30575426934889177, -0.08097241019916197, -0.17865633982473159, -0.23155941416170261, 0.7238867967271437, 0.4299344283999252, -2.0265247023692554, 0.8663835635323209, -1.6118946217360204, -0.6057866485039135, 0.8092815719594217, -0.3133534291383778, -1.116578415376899, -1.8095596083187038, 2.319548372499006, 0.33839188534783393, -1.2131180205414376, 0.8456545644018781, 0.5279821730946871, -0.021652903952704652, 1.3841321114894722, -0.8062643153899727, -0.051096168629085, 0.3935435050232458, 1.3487732001628856, 0.03752558704282297, 0.7060507013611631, -0.633475041158728, 1.059726435712104, 1.593033603566582, 0.325425449368719, -0.7673261274105844, 1.8018523176210148, -1.3408767777987056, -0.5608118159109075, -0.9897868152796081, -1.5563894120922752, 1.7520922749588907, 0.1607940496736536, -0.28178508270720515, -0.30968362167607255, -2.221404467673452, -3.348184700612718, 1.086268142987937, 1.77208973943137, -1.0849990074886662, -0.9440428868702306, 1.336262618616528, -0.46739663903449646, 0.16850826136988098, -1.138357317472869, 0.8172470801147432]|0.0
[-0.07130753464840173, -1.022551226396231, -1.7530362442630476, -1.204577621607605, -0.2229900400836693, 0.8316170337686303, 0.4151142374413012, -1.2161823476813374, -0.7282596400684919, 1.225837676105338, -0.980786151231508, 0.7133276664968085, -0.13254093637249928, -1.3645586526969158, -0.26832046151839717, -0.4824665961996138, -0.8611985842912514, 0.6981678479606721, 0.33636621391372135, -0.4894625151225188, 0.2806595193667543, 1.6494148256365775, 0.8242391575833585, -1.5204511638214182, -1.1776008486395924, 1.463939479264677, -0.9066959046761515, -0.4571093036031108, 0.19303166180243955, -1.3601986474717642, 0.655899608265265, -0.8552885587630449, 0.4999994605853847, -0.3594405004466054, 0.32549156541483515, 1.539186115510596, 0.9833527990121923, 1.2446068801598218, 0.5553367365205722, 0.8020967907241761, 0.721098364467164, -0.6557150891068564, -1.714680574309441, -0.656314593502376, -1.2883270247076508, -0.18829844213584046, 1.8502008579078193, -1.0842121036873735, 0.06621635160257924, 0.8229598518566617, -0.07966255018794842, 0.6160676555240988]|1.0
[-0.10582486873157268, 0.5295909386447367, -0.5475965388356068, 0.664573967209065, -1.4512684726471878, 1.0086954714320755, -0.056905299619768354, -0.17153900591008042, -0.9111355621225079, 0.15690454229217204, 0.35013308388610537, -0.2988961324461395, -0.6957320998452139, 0.45119755638074704, -1.1187131173775051, -1.0082520848204444, 0.9292407227522265, 2.0394364313675606, -0.2292581727656305, -0.52144665439867, 1.1953259489812835, -0.9202949173002845, 1.744708255290585, 2.0208860866497775, -0.3829069451490236, -0.7049410824925284, -0.24293776888765212, 0.35782583481434205, -0.13595201310794594, -0.7906005803955473, -1.0237486335304642, 0.6545540803787813, 0.9416812189920416, 1.0353280784166967, -1.0087583071858421, -0.27867288319395733, 0.07018535735584343, 0.2574477400026773, -0.798850344071753, 0.37133926144606866, -0.039581466968262834, 0.3329677026998413, -0.1917557084808007, -0.038813789493809175, 0.4239702437556507, -1.5106418818658667, 0.7993616016763647, 1.4219511569661498, 1.9677590935549085, 1.1222196977381167, 1.1563784899818081, -2.3617479232538243]|0.0
[0.7176245449917229, 0.7838884576854989, -0.02782323866294393, 0.48219631124897694, -0.05997874110795521, -0.6194385466556411, 0.06029599469258577, 1.1515036371924006, 2.4379326290220993, -0.11214133622833623, 1.8272022809319473, 0.446910948446046, -0.5148300315850713, -1.0849928960486983, 0.34572749669245234, -1.040910019495477, -0.32012721484161866, -0.6701663393196585, 0.19570128672634735, -0.35375194638947915, 0.969818326452236, -0.7138959781618055, 0.7112555925529245, 0.060690989067235045, -1.40869849740421, -1.223650636462271, 1.0603058402258538, -0.5921114122553898, 0.3747908488488784, 0.9325450365943619, 1.1151087484562563, -1.2698147158753537, -0.1724731480865609, -0.26058093967023294, -1.9361564909806062, -0.7939306716325956, -0.6413791233079318, -0.3305790089073537, 0.980768983318619, -1.4199123041855957, -0.06963481530978412, 2.5642696494271853, 1.4242057951227034, -0.20294296904569442, 2.116887244584626, 0.7750729236443055, -0.06999704314865735, 0.5028571898973817, 0.5605913226374769, 0.8182287150287825, -0.34215721073421074, -0.7740894411924608]|0.0
[-1.1881950096831027, -0.5074747399926106, -0.5095197584078485, -0.6148038914525638, 0.6178465304246411, -0.6697628527690884, -0.41297274382984756, 0.407224678085753, 1.5589570057758195, -0.6069035171669911, 0.7765683854491114, 0.5887333936766881, -2.667039491205501, -0.8290125147972005, -1.0510225172091576, -1.7462098763117668, 0.031128826452338946, -0.3346989649844667, -0.5231794731394646, 1.653063756539183, -0.657249260813613, -1.441416704413318, -0.40956381451504403, -0.364019095192381, -0.1580611155018906, -1.328801441875685, 0.4552755059097417, 0.32048058200797874, -0.1192587320778523, -1.9471498270701288, -0.13168078444337847, 0.06717309452177066, -0.9296105060232674, 0.17001562937291764, -0.5818604776529751, -0.5612069763875689, 0.34382554758093953, -0.774214523791088, 1.4442844863143838, 0.2258557609304131, -0.6668667284895433, -0.6110378020230556, -0.6383718049321259, -0.018668480850463937, -2.179874781092832, -0.6197264337733436, 1.8305088862514924, 1.7971262646495685, -0.20777323090903496, 1.8756190035382632, 1.4077508145433049, 1.1464962925089843]|0.0
[-0.10453866114902714, -1.2882636069788826, 0.8957532540318827, 0.5689486721479283, -0.7600037590974054, 0.2709549927593025, -1.6594725095548297, -0.7192064748935694, 1.0926121860424418, 2.723603607990899, 0.4011678022526864, 0.33810759632572274, 0.12906815622527115, 0.7368843756235659, -0.051430448017450746, -0.39966451866700126, 0.9801475441517312, -0.152696038785989, -0.5523616292584125, -0.03708159929161081, -1.2535676221643466, -0.5874210030198268, 1.8375136071694502, 0.6923992822114282, -0.7001555965918156, -0.8332300367320576, -0.03417186793167893, 0.9186707791660246, 1.288745628817896, 1.0872530413051151, 0.871041649323527, -0.906289702578441, 0.14211156605278943, 0.3370585171069836, -0.47958936863921875, -1.542150707615633, -0.905603677456177, -0.8461637575387375, 0.356532736138751, 0.6701576761814088, 0.40073801781715124, -0.8368851574449936, -0.44048841604305367, -0.9726564574326955, -0.2640502434149455, -1.416091636653287, 0.5040972610602699, -0.05171986631674186, -0.7784185794764471, 0.7643173795729851, 1.7362805077199557, -0.2675698225374042]|0.0
[0.1671530240739867, -0.437406383644211, 0.7339912907423909, 0.3192433836736124, 0.6330944563307548, -0.49001547312874516, 0.5355376344105395, -0.4325787349821021, -0.6248204175240095, -0.800458170888795, 0.20942539389311893, 1.7504594809910985, -1.0202123048600797, -0.34447788002678065, 0.3141823355855552, -0.7481303693173477, 0.41231538747018937, 0.8607733785211137, 1.0299946222835223, 0.4594710648192788, -0.912064568456762, 0.5565791426156212, 0.33558982645412244, -0.14946773240591946, -0.41597883505224725, 1.1663860667117993, 0.9076871486376799, 0.5953209550245221, -0.45071391964558116, 0.41240305950452477, 0.8660021274955289, 0.02610837516259169, 1.9209373931946385, -0.33547346601500294, -0.033061451445374895, 0.04303039290058953, -0.29239122449531757, 0.7892670965592286, 0.12297306764857988, -1.110895644430709, 0.4449618543186429, 0.08443543088540963, -0.8808182757049197, 1.4907715144187472, -0.9250742103135169, 0.9499797849810605, 2.0200024628190363, -0.9292142718238438, 0.24565905123684903, -1.5608631658611953, 0.004128513956944889, -0.3422014664294632]|0.0
[0.9379898340212379, 0.5412514724211741, -0.6761917801362509, 0.11330406395976114, 0.3504792827994453, 0.675951966269971, -0.8960904102279246, -0.8013962846353758, 1.8065534382564383, 1.4713541097818277, 2.223902159504259, -0.9441459321613096, 1.5802611380911669, -0.0032195246997551255, -0.7916039151166998, 0.6802854873432903, -0.012837126378362287, 1.3770732829265788, 0.40829267067470754, -0.10754684770254853, 1.3262249761823905, 0.17980065605858855, 0.8499407287268724, 1.5339382746805141, 0.5106180845247582, 0.2145261487478915, 0.44735880354719265, -0.008522751409978414, 0.07614960945945813, 0.9011585050081131, 1.4508082363758197, 0.5802870266086828, -1.245561830146287, -1.2627103145840948, -0.21875577813740446, 0.6396322629293663, 0.12624861806998058, -1.7629027209040398, 0.6278068456321745, 0.06967550807810502, 0.38391442426372757, -0.6740100932249252, -0.38983640461593655, 0.08285961766914542, 2.128525098535357, -0.6677909356835168, 0.3105717819042758, 0.1878086414447487, 0.7594291020387116, -0.668868873484074, -0.8818022805624672, -1.8239636683196319]|0.0
[0.4704684691450331, 0.7200682768030232, -0.7229491873153839, -2.0566138818410686, 0.3475774176180367, 0.17457667069245603, -0.032160961415525706, -0.5879362999866361, -1.1442136574833324, 1.1487182699111163, -1.5291155732259862, -0.1592666776759918, -1.071554559350632, 0.20015470080177256, -0.2560873310318397, -1.0266987091132662, -0.1618670191094028, -0.8232357302649117, -0.6326993779506741, 1.6329925611948422, 1.766748986985885, 0.2996986489969063, -0.014564163049576802, 0.786535312523019, 1.0338740815968361, -0.1411309351188562, -0.333136594778041, 0.0020089873368605454, 0.6851749557058415, -0.18015391741059458, 0.08773937649922471, 1.375615088082465, -0.30422964104068906, -0.54001787905971, 0.496961075491734, 0.12360258396155124, -2.127529594938325, 1.3563074350544189, -0.3684624561271171, -1.8011342708521785, 0.5314654552867648, -0.16000603928977356, -0.5679751047722758, 0.37856299928407033, 1.1185028597087117, 0.6105224816844811, 0.44724546886472827, -1.1626753207004816, -0.6622374049262433, 2.5638489997939673, 0.09264463039184073, 0.3773090920284378]|0.0
[2.09015553301479, -0.42994207359798, -1.0855421313713054, 0.8925149114666319, -1.7645146647562275, 0.1941816718883371, -0.06404042580788966, -0.04855930948324819, -1.147531476545785, 0.1516052278999174, 1.041838524573521, -0.6575827898892983, -1.392201480174862, -0.6786488350445049, 1.6954740434376085, -0.4971121643413255, -1.749957304129576, -1.4184737747691993, -1.5733181445384559, -0.4663951237373624, 1.2196965556973496, -1.3187994674487322, -0.03945067120622603, 1.2037769645637673, -0.06465754380833907, 0.05348461918674651, -0.5785511615879779, 0.5801219290937614, 1.8214807812290295, 0.08249038859870012, 0.47602969088033764, 1.6421343839466913, -0.47390267605336056, -0.2790962910365615, 0.004529797793786827, 1.4523889056222565, 1.1638082797269254, -1.1957261394030279, 0.6835899683549018, 0.6754105415221751, 0.13623343982575817, 1.4878586463362173, -0.21132451399986568, 1.5456699389162527, -0.9399715910009752, 0.5160261503310238, 0.0325137827078731, -0.5634769892560562, 0.7980209413885853, 0.30730587823137234, -0.2681506736670384, 0.017584206607171516]|0.0
[-0.9406738076376938, 0.7520615663251202, 0.7842243290109523, 1.6468809075131892, 0.3916054259067035, 0.5998101360510494, -0.5151771869628626, -0.9068928711899233, 0.3920142293621993, 1.155791905397803, 1.952050555875123, -1.4269114658944675, 1.1983887788182854, -0.6548004347422494, -1.6778206880129758, 0.9776527480454806, 0.023248455507665133, 0.8463380790157202, 0.008434640127334796, 0.7299800130343167, -0.1229331653830033, 0.6775179091160378, -0.9578099504859472, -1.194163492616329, 1.4306462968804696, 0.7527619308450133, 0.9505551039644629, -0.7864670793901559, 0.3082783230137051, 0.19579848171478095, -0.07270481795646527, 1.0202917978990862, -1.210948031249817, 0.3818393745677381, 0.4702907942005537, -0.36082451384055786, 1.550835427888722, 1.776090625330984, -1.0297210903317435, 1.015226977904448, 0.003850674691865506, 0.24235089299698662, -1.0535434705551856, -0.6160379375181835, -0.9082477790195248, -1.4119549950901495, -0.571992397745165, -0.10102572513538595, -0.5332765494174527, -1.6611834193771764, 1.0186583086197465, 0.45173880008936407]|0.0
[-0.47838364657825466, -2.2839554276926592, 0.17999121822165604, -1.0494395103417469, 0.1401438790272102, -0.8252269257238948, -1.3939150808712084, 1.2506117011439681, 0.380368682269543, 0.7322887693651902, 1.659308763077766, 0.26856302209817334, 1.635553054742456, -0.7548461926155348, 0.2328075495975227, -0.7217890303273579, 0.2797553722162516, 0.8472352254899199, 0.0013343291801225991, 0.14910612398940779, -0.11627462077061246, 0.7736486342478773, 0.2817622590241707, -0.9639341769808843, 0.8472001515568528, -2.9479966812756944, 0.29186910011604017, 0.8867423100064672, 0.3059098341355877, -1.727869783566503, 0.004981677632150028, -1.5043882930011867, -2.326954116578751, -0.2570066482510032, 0.9570707415897478, -1.6931783470558541, -0.3430521911300546, -0.4520078113329599, 1.7158296252010297, 0.15268785262787776, 1.659122067592944, 1.3157534411435032, -1.8747607904248247, 1.0120705216667412, -0.4394594442059019, 0.7846222571131596, -1.315822790380382, -1.341026481644813, -1.7534232272766586, -0.383068447386705, 0.8121452189220685, -0.7311194923650514]|0.0
[0.508261684057051, -0.2631443018855778, 0.2623042852270863, -0.19830129891706996, 0.1817021261598536, 1.2349106577225684, -0.3948312051938718, 0.3729266529611483, 0.3223938634939224, -0.17756194993027216, -1.1394391092320972, -0.659493857795012, -1.1419404182401145, 0.8760251783596555, -0.40225189191496324, 1.7418466913874469, 1.2483168370858737, -0.5734775194132594, 0.11161449246056548, -0.3934455127400864, 0.7042428555132307, -0.20561092418463617, 0.4313622399992652, 0.30085500498469536, -0.8760663196126357, -0.6360669356881353, 0.4578606756131451, -0.6346194493412817, 0.09596552173559163, 1.187472847920932, -0.3134914977830219, -1.3004131182843293, -1.9391404404599129, 0.4239148738330638, -0.3553319461571448, 1.1321684197142168, -0.42846528086828345, -0.5485740753894919, 1.8710745738444619, -0.9912116184993028, 0.00549702152171947, 0.9511725780693889, -0.05169977312775671, -0.45689628600659515, 0.07276039588900136, -1.2546934748271688, 0.0805352857665262, 0.7482790228379089, 1.2604901487173847, 0.31840992443724664, 0.4253285348003746, 0.3004611565227981]|0.0
[0.08912591067584974, -0.9691255915912913, -1.2380652146896287, 3.139876002851199, -0.712382196362586, 0.3706502265008661, 0.5176369952469779, 0.5245333941829812, -1.0879264345758404, 0.38975704705425007, -0.5924490382982052, -0.11315947385205684, -0.831953615037012, 0.22193008162621267, 2.1302354954747624, -0.21953822104155096, -0.2512088408271736, 0.9975524839231709, -0.15183283232340372, -0.3985749162962709, -0.25911925812472525, -1.6515776856424285, 0.4553647576590605, 0.4049364497527295, -1.4423984604211506, 0.22624249415729908, -0.011690652502547867, -1.6778214466902577, -0.44163963350053387, -1.0640380156119742, 0.45990374207107443, -0.9124879749562491, -0.20744414282783072, -2.313587517301255, 0.9808872151398629, -0.48031544976951723, -0.8029622054325387, -0.7314637500623926, -0.6236854763132645, -1.6544785153680914, 0.25198412627961037, 0.6559320248503822, 0.8564940034003367, -1.3692789109988042, 1.3911201168646878, 0.637199626837094, -0.1716907671130402, 1.4090935389472088, 0.40000399868880265, -0.1753849234166472, -1.81495464848209, 0.47976025027957947]|0.0
[1.4961300109794542, -0.5944641227534968, -0.22131148517247515, -1.3804855551009743, -0.7078791907457894, -0.8343655035399931, -0.25646548806838765, 1.0600222939807444, 0.8058493240093124, -1.1808896876685036, 1.9700454795945588, 0.1351987281086366, 0.39851784113578426, -0.8584262055352893, -0.47240982491851324, 0.4122796819983531, -0.3543680426077618, -0.7913764412355241, -1.0262426287999173, 1.7256526660835483, 0.7591434157466912, 1.0975478223095168, -0.061983684578413446, 0.3457663208140338, 0.07483914779343363, 0.6236702057264598, 0.8231794025449859, -2.622351541961773, -0.16959645900247405, 1.6427950495927786, -0.2284188633855207, 0.5646226026836019, -1.5472381628609397, -0.7614322763104047, 1.4467750767263226, -1.4370980014353354, -0.7043144355679997, -1.1010368315929469, 1.4067800823036942, -0.779808506176274, -0.8971949390869005, 0.020222681571493973, -1.2953806013338993, 0.10377292706828789, -0.643747921672873, 0.8333805448912279, 0.1089527148360825, 0.08318564249925549, -0.5129628693140207, 1.7836075775933125, 0.2160932464878544, 1.9928918766057755]|0.0
[-1.782711951216115, 0.7458943405455777, 0.9892575602276349, -0.4683752752427518, 0.36071463451888214, 0.6498987492579136, 1.1772096542792625, 0.46851090803929724, -0.7329606218987227, -2.7057703222785054, 1.7810949528619644, -0.9105225699571539, 2.569514210150699, 0.603169959651135, -0.49535014078812944, 0.9513538188854699, -0.7699105088978113, -0.0535385050200621, -0.2916563771730865, -0.25758470233449016, 1.5104227627039353, -0.3299006666085651, 0.7968249826556244, 0.9597640939988349, 1.1051338433269133, -0.8202440378528745, 0.45306353464946625, 1.7736726147116209, -0.2701940842706955, -1.7995099284658886, 0.008929221324069888, -0.6865355972183405, 0.09894620778482333, -0.7993962548931207, -0.6883083274632075, 1.0735820511041003, -0.3564710437620679, 1.7565291377515477, -0.052905149926255585, 0.5800558859743009, 0.3050521997418672, 0.8161402051311811, 0.597975710247191, -0.699740818006751, -0.8577363037037681, -0.04813033175601111, 0.5008986580337053, -0.4296438590843115, 1.239351917935698, 0.3274982570290177, 0.016964790287831672, -0.10602377342816795]|0.0
[0.6676690012735147, -1.2567501626371405, 0.6533640589793791, 0.6861074938597683, -0.042020589791121735, 1.1493229860735041, 0.2577536096130782, -0.7160148479418581, 0.5723222251327513, 1.1021405769485126, 0.9389528420079062, -0.3133871495201409, -1.1100095833707628, 0.5834786040030105, 0.1310667323613949, 0.737910008146107, -0.7686942290852886, 1.4567274231702487, 1.2048193386091821, 0.24149339648466578, -0.035760378976731684, -0.9187286521035143, -0.9603096009571606, 0.13936834358764688, 0.43091612704205506, 0.5439751199111643, -0.7439243986480895, 1.9883460000274062, 0.9879866737500328, 0.6849581157704849, -1.2441353334328598, -0.7720275315643436, -0.12935111684581616, 0.49872662820380675, 1.438275258121413, 0.9841758652832149, -0.04049105300632663, -0.07184655755967803, -1.4445575044810786, 0.7381670380593983, -0.2906519989678707, 0.007764470857608145, 0.36744358290781226, -0.20707295999415865, -0.7758374959288573, 3.0382747456119445, 2.211124210859407, -2.5292928713954415, -0.4271820502240064, 0.03129564078956578, -0.6446355523016706, 1.3663527356287681]|1.0
[-0.08899994565355777, 0.22175835246221573, 2.50724307396134, -1.0216154765208119, 0.2542439283282743, -0.006837213520992224, 0.412410645067967, -0.059904046922561564, -0.2759262476960677, -0.6674139325657792, 0.0679038663553454, -3.058036021926985, 1.471951300492427, -1.6272922605984108, 0.839781406950775, -1.009146162431055, 1.0158088167070187, 0.5694867051771346, 0.30697860246687564, 0.5368067536222629, 0.39689683513596347, -0.39875271631261855, -0.9227123363198046, -0.8030200249511124, 0.9366176028571693, 1.7275311065749188, -1.6248874086226601, -1.765605771349969, -0.1068550271035084, 2.2765779322622337, 0.5353201684503077, -0.8784049080965606, -0.03136142223011245, -0.8100072090666364, 2.688248349016933, -0.8700468417244756, 1.5490120841973312, 0.39511384923332726, 0.18945374735100187, -0.5994597259883476, -1.2179093690065268, -0.5378631637517081, 0.057490943423051125, -2.2534617745886276, 0.6424347737219006, 0.34154001938101475, -1.255600066664984, -0.5242092695367911, 0.6306923632050768, 0.21469975771855654, -0.01000783206441458, -1.5723813982302879]|0.0
[-0.13401628763508555, -1.2137496696393275, 0.655435358809523, -1.9253369367753852, 0.934500285008185, -0.1583908104162273, 1.801849939871841, -0.42442902790723275, -0.46720519844275554, 0.13348112874556195, -0.020441162909124923, -0.16173246382724246, -1.2759317265679682, 0.4900368218397123, 0.9921354104377301, 0.4705166795896842, 1.3743932318383807, 0.6065258525617475, -0.919179049968619, -0.3257455180159228, -1.1432907429245907, 1.0317812094375765, -0.3091888509924779, -1.4815674237254206, -1.3346744371182055, -0.8873720889940372, 0.9952558911734923, -0.3466635375569381, 0.4493034928084066, 1.2592993365654317, 0.49957525006555564, -0.9686169476871243, -0.06289263697177812, 0.4080935964251006, -0.40500497380785366, 0.45393932385579966, 0.39820490269756803, 1.9682880474698015, -0.1593353396998658, 0.19469423039237738, 0.6189130371999253, 0.6888441836802635, 0.356579848467702, -2.2952415915938955, 0.7714276143649695, -2.202824200325919, 1.0510697795552784, 0.8043274880628574, 0.742772449139845, -0.9975921017828185, -1.108447406869035, -2.217178344397524]|0.0
[-0.17534036330870129, 1.4435689700480094, -0.7938802980972454, 0.1176896484950336, 0.5562086831313983, -1.839649574265191, 2.072631438298325, -2.3525423132619188, 0.018970143544946586, -1.7721747083651151, 0.8292646112011477, 0.7409510529930142, 1.9075615585590837, -0.7727226448176027, -1.5602433436346965, -0.458970739249724, -0.31600156361802734, 0.1485471309900004, 1.0966894390337363, 0.772974014769607, -0.8319651864940201, 1.4830190880045937, 0.1071355320298069, -0.2847992474255241, -0.3747505513568594, 0.9547547015663576, 1.3565821885376068, 0.7194441581520483, 0.21747639305044597, 0.1870490778088578, -1.1131557635975784, 1.2064863888053055, -1.2054593250468577, 1.087272117434188, 0.6664305968223674, -0.19126813757103295, 1.8419178471712607, -0.860510838543134, -0.859615954457522, -0.5043266225914342, -0.5979078237916632, 0.6647792421039465, -0.23225767491829913, 0.5958668173771493, 0.011543269535422285, 2.182988174115056, -0.40342479323460173, 0.348050832662147, -0.6346903232403934, -0.5977448155660299, 0.7762156727398444, 0.1456051760327129]|0.0
[-0.47372830035855756, -0.07787385048467176, -0.40024438377070354, -1.1477383525246971, 0.9960828256051664, 0.24731912043339546, 1.6824024258191956, 1.4125531974913306, 1.4630798896514934, 0.32232922047063534, 0.9083270669052845, 0.6761929593306397, 0.6261193497930727, 0.18626964034945084, -0.13860763061927636, -0.10320652463753756, -0.09543964564852016, -1.7290116527688904, -1.0033322495236106, 0.3090112337049705, 0.14479694261389006, 1.2648283210948692, 1.0714993912148654, -1.133303855157094, 1.6764041175485518, -1.7478374339800091, -0.8070776023887329, -0.2757137572437142, 2.032782856319622, -0.6527668343684785, -0.15306448880517612, -0.06638130078388932, 0.1401564453060329, 0.1521140046996703, 1.1672679156108137, 1.5018481966419546, 0.16368141103276235, -0.7172420988659671, 0.38288739315406534, 0.02392146288172024, -2.2936629879641446, 2.350075664298668, -1.84204785415349, 0.41028980600020293, -0.40759397318673435, -0.6520633312945301, -0.5259984897733263, 0.2890437017700372, -1.1954123736251683, 1.7197077036292463, -1.7015213572387016, -2.0529242953409024]|0.0
[1.2661307151794698, -0.9169673793224301, 1.5385714983018441, -2.370570601209997, -0.5685065526967831, -0.47890869188419466, 2.4276381249301604, 2.4593111110045873, 1.6263212106894886, 0.6947546217584621, -1.373642386971086, -0.33396372049721157, -0.7284486033284039, -1.3731856966486826, -0.913025881035819, -0.6411028627995223, -1.0465280622394126, 0.2791989829585175, 0.6189884854145823, 0.6899964840418938, 0.9135772688067332, -0.018753180991710906, 0.7350793459895804, -0.03479496736968151, 0.16489170896367156, 0.09796261006751304, -4.662987165747582, -0.7099321821071038, 0.7308889198681976, 0.9346677527243151, -1.688736933642637, -1.350674076933689, 1.4497811958727287, -1.140408523880585, -0.3473136026899256, 0.639172519439302, -1.0243810201226744, -0.4715671682563816, -1.2087866694730827, 0.3843610141859498, -0.4725110123568889, 0.966366718669808, 0.41734182342698806, -0.5642586218751343, 0.511350367390785, -0.4751500669161597, 0.7309435229274389, -0.7449184719292525, -0.040523539349028886, -1.910187628528767, -1.2101775194527358, -0.9518883342197814]|0.0
[3.389185113287709, 0.3000695240629433, -0.29416285425108324, -0.9176634865692156, -0.6533925322856383, -0.4286696633196816, 0.6521936208446936, 0.325883731624226, 0.8272911901339584, 0.15580248588032447, -0.1887014241909079, -1.5339370551185172, -0.7338743582402704, 0.20631344040174418, -0.19101099488596615, -1.28790117465987, 0.019960894214013453, 0.12719856779410438, 0.44373751848632076, 1.9076640418260962, -0.6918275160475245, -1.4868108162713845, 0.5852328635962661, 2.1997615396118113, -2.0886930813434232, -2.10339151791353, 0.9741043452457381, -1.1576483241934123, 0.07083562029281816, -0.3235816155475042, -0.04482838027169077, -0.8210508582110478, 0.5487990216681254, -0.28632581580901645, 0.14160983926664564, 0.02267597510132967, -0.9722620102065496, 0.6339577627181375, 0.01268623696481226, 0.46111857232666953, 0.2211095083590034, -0.7214596836121411, 0.6302961154998471, 0.866308274871108, 0.7838626569896593, 0.7927862850698175, 0.036987440115504776, -1.800160510549516, -0.8915806718565931, -1.5573491565665827, 0.21272836674360526, 1.0664305771431473]|0.0
[0.46964787532835406, 0.19182598154061276, 0.40560002201927486, -0.5055080720376224, -0.778460142352283, 0.8733925837993504, -0.8980501344499752, 0.2606187321178062, -0.31508010223114696, -0.534474184247029, -0.779506815273222, -1.3117548067341633, -1.1013167059128601, -0.40387655217242274, -0.31106643008312473, 0.29346286380386155, -0.6929122263863565, -1.1897843365593983, 1.0136489986146557, 0.9393504770474402, 0.3724061478988761, -0.7841471177717757, 0.6695122150266054, -0.15361673325753214, 0.8595552809273761, 0.093972981381698, -1.6426447697094217, -0.17322659470102827, 1.404000704915183, 0.2551411798580036, -0.9377295266373981, -0.49953387666070587, 0.3813180999566336, 1.8689715215532552, -0.5918974098211404, -0.13765305261107602, -0.4020281760163819, 1.3758666353612503, -0.20527113948196787, 0.6156195783851959, -1.7807890184489885, -0.3393147705321986, 0.49125638918833225, -2.452666352861247, 1.6199171935534071, -1.0415483069046585, -0.348585081611737, -1.2338446083148995, -0.8298953688164675, -1.965280712664284, -1.2361978088913899, -0.6981979568979491]|0.0
[0.7650358231458774, 1.4462327642827542, 0.5010871681048249, -1.6300358442505285, -0.036418717682027625, -0.685608010302181, -0.06010013530880431, 0.7466972981005793, -0.8168332095448756, -0.41102422382686943, 1.4393588511041275, 1.7802267740633069, -0.07053026341317421, 1.35138052128708, -0.6086434835028084, -0.3861698110022234, -0.7977740694690006, -0.3112820720879508, -0.2634480827011852, -1.4706539160230625, -0.7577061620433507, 0.6338825757990466, 0.2124688411551955, -0.1925185127512212, -0.1966837734586762, 0.6549514731479278, -0.8568540657458035, -0.5690151226062141, 1.0193364312187743, -0.8802731389685013, 0.11125984423293826, -0.5807995664844854, 0.39814322450335493, -0.4083901527163978, 0.05512988711637276, -1.4678370786730977, 0.28365628767922185, 0.8888393767567062, 1.6613426677742444, 0.6833478190678016, -1.116090103297351, -0.767217318934737, 0.4762667722077335, -2.2556518206311567, -1.1968970677156066, -1.0397837825968288, 0.43536632825169147, -0.11026702580635793, -0.12117672707759165, -0.3712764119313491, 1.0083645548471936, -0.8832128357543744]|0.0
[0.9519922080351336, -0.9193215954799322, -0.942648577308737, -0.5011568102495833, -0.9744131720876039, 0.5072045848886401, 0.38906951693767, 0.5334433387767835, -0.3596792007950612, -0.21380750023839862, 2.0109153418768115, -0.6022341141226742, -0.7973896213450518, 1.0699728207639772, 0.10425032372361233, -0.31815242507316377, -0.17503434333702028, 1.6624595479067183, -0.6470470468107206, 0.16497531386414685, 0.2781230659874051, 0.4650817802475848, 0.6837283812740104, 0.19346675379990053, 0.8030126645316996, 0.6920754395290739, -0.40868090901565696, 0.5185871529392724, 0.16612658667155986, -0.15226918948713747, -0.32108474866182907, 0.5904194782252888, -0.6319176510608205, -0.5397536294440654, 1.428593006382611, -0.633421932544972, 1.7284308427799144, 1.2456195079132104, -1.0859400589476358, -2.144603030947084, -1.2805806993610125, -0.9597595516489681, -0.2220485857293281, 0.6427538654369712, 1.589116570136226, 0.21466367655256208, 0.2618087206596444, 0.9924994889297462, -1.5241458376852801, 0.32909162056677393, 0.7491958567490256, 0.7076562969680246]|0.0
[0.0016787325569194156,0.004931276885951075,-0.002098415696149436,-0.001780477586929119,0.6076112675482984,0.007029692582100555,-0.0016787325569194572,0.0032525443290316305,0.0020984156961494672,0.0035800779193431165,-0.004409461312778196,-0.010137638562060847,-0.022032869385723575,0.005786842163552519,0.012163221494152943,0.0032808784334585894,0.6436095286169753,0.0,0.0,0.0069749728330663185,0.8921813158586279,0.0,0.00781788713693658,0.0065889614555232935,0.006420330949841582,0.00016863050568171126,0.0,0.0,0.02572944930368668,0.008592774450252992,0.0,0.0,0.8339665124127535,-0.001780477586929119,0.003157562361856714,0.004743833017077925,0.004637925582376079,0.0035800779193431165,0.019576379974326263,0.012213254035684074,0.021762435677530112,0.055949479282074055,1.208650345078983,0.35881706210776465,0.22692198240183561,1.0495697536604822,0.3268570869819471,0.2388059701492426,0.0,0.0,0.0,0.018020450300692437]|0.0
[0.0,0.004357298474945592,-0.0032679738562090277,0.0,0.9867178583498006,0.007625272331154715,0.0,0.004357298474945635,0.0032679738562090806,0.005476451259583737,-0.005800444612569566,-0.009585202700757689,-0.021000255743401586,0.003821386855799025,0.011659914223278944,0.002660533525671749,0.6118328122928286,0.0,0.0,0.007491921458716512,0.8726046775891063,0.0,0.008585699402180288,0.004809636333977066,0.005029613285713001,-0.00021997695173593524,0.0,0.0,0.0303688940779868,0.006744530350386442,0.0,0.0,0.7220867948983128,0.0,0.005476451259583737,0.00879120879120876,0.00990099009900991,0.005476451259583737,0.015486725663716783,0.0010905125408942062,0.015486725663716783,0.06496519721577743,1.0565757079477873,0.45895054604161145,0.5994840441049645,0.7669842158467541,0.36820375821410445,0.0,1.0,0.0,0.0,0.015525858122030334]|0.0
[0.0,0.004573170731707155,-0.0022865853658537993,-0.0003809523809523707,0.5498646314034598,0.006859756097561066,0.0,0.004573170731707236,0.0022865853658538297,0.0011446012972149422,-0.0026970819044914718,-0.00464756413392764,-0.014230612589939073,0.0019595895475346126,0.009721389787919144,0.0011678406872277503,0.571262862936802,0.0,0.0,0.0070223209921837,0.8790417275618504,0.0,0.007988609382243007,0.0032016367784768055,0.004127813197246236,-0.0009261764187694304,0.0,0.0,0.023855752970020568,0.0015458310273098505,0.0,0.0,0.5647990876352756,-0.0003809523809523707,0.004209720627631253,0.006134969325153561,0.006134969325153561,0.0011446012972149422,0.009230769230769376,-0.006060606060605989,0.0069071373752878085,0.052969502407704816,0.5312311846647216,0.2763806159245308,0.26632354282950055,0.9143806316074592,0.46957472334979566,0.0,0.0,0.0,0.0,0.011700029269269718]|0.0
[0.004184100418409997,0.00557880055788007,-0.0006973500697349255,-0.004857737682165242,1.0802062050309853,0.0062761506276149915,-0.004184100418410046,0.0013947001394700152,0.0006973500697349302,-0.0006968641114983853,0.001653814599261949,0.0047241421930093175,0.004578310385155104,-0.00305589112952509,0.00014516718741242052,-0.0006050948241864695,0.4457290279952191,0.0,0.0,0.007022692835681345,0.8784753381311371,0.0,0.007994183252339648,-0.002836481911716423,-0.002389597363304885,-0.00044688454841153763,0.0,0.0,0.03658699647404436,-0.005616808820470145,0.0,0.0,0.34648073463874424,-0.004857737682165242,-0.004166666666666652,0.0013966480446927498,0.0034989503149054357,-0.0006968641114983853,-0.0013927576601671099,-0.029113067027759065,-0.027796610169491642,0.012711864406779627,0.517900295542781,1.1142377746912897,0.9263211433276305,0.9937828436133859,0.6953010348811887,0.6666666666666748,1.0,0.0,0.0,-0.0029111675572330853]|0.0
[0.001806559199555302,0.004446914952751513,-0.0008337965536410197,-0.0018033014287694993,0.2926322834730784,0.005280711506392475,-0.0018065591995552637,0.0026403557531962376,0.000833796553640974,-0.0033931168201647433,-7.214942112643286e-7,-0.0022873800360719843,-0.012374234845149212,0.002291900990430973,0.010213235787237318,0.0009240676359540956,0.550509633257589,0.0,0.0,0.006518861253487642,0.8485777850070811,0.0,0.007682102181632347,0.0037941434048541275,0.005063275465729069,-0.0012691320608749417,0.0,0.0,0.0251201412095796,-0.0017029039541359577,0.0,0.0,0.4322096185714691,-0.0018033014287694993,0.0003475359699729452,0.000904096251477915,-0.00006947821857850034,-0.0033931168201647433,0.005378973105134577,-0.005802707930367523,0.011811023622047223,0.0496681496608562,0.3388804416581105,0.1467991191592662,0.27499424306452275,0.4304890319202046,0.21883652250391272,0.342105263157884,0.0,0.0,0.0,0.012528544502884653]|0.0
[0.004184100418409997,0.00557880055788007,-0.0006973500697349255,-0.004857737682165242,1.0802062050309853,0.0062761506276149915,-0.004184100418410046,0.0013947001394700152,0.0006973500697349302,-0.0006968641114983853,0.001653814599261949,0.0047241421930093175,0.004578310385155104,-0.00305589112952509,0.00014516718741242052,-0.0006050948241864695,0.4457290279952191,0.0,0.0,0.007022692835681345,0.8784753381311371,0.0,0.007994183252339648,-0.002836481911716423,-0.002389597363304885,-0.00044688454841153763,0.0,0.0,0.03658699647404436,-0.005616808820470145,0.0,0.0,0.34648073463874424,-0.004857737682165242,-0.004166666666666652,0.0013966480446927498,0.0034989503149054357,-0.0006968641114983853,-0.0013927576601671099,-0.029113067027759065,-0.027796610169491642,0.012711864406779627,0.517900295542781,1.1142377746912897,0.9263211433276305,0.9937828436133859,0.6953010348811887,0.6666666666666748,1.0,0.0,0.0,-0.0029111675572330853]|0.0
[-0.0006681514476615247,0.0001113585746101986,-0.0007795100222716123,0.0005571030640667551,0.33368638457764027,0.000890868596881941,0.0006681514476614953,0.00011135857461030197,0.00011135857461014371,-0.004213794632956458,0.0008520153019400123,0.0019559927066126193,0.0021295189359258337,-0.001101822248390727,-0.00017315748716539847,-0.0008177692229353051,0.4250649789536649,0.0,0.0,0.0024589343357222927,1.1393745614114277,0.0,0.0021581439668762036,-0.0009022100463540017,-0.000431212575923325,-0.0004709974704306766,0.0,0.0,0.008609421452393379,-0.002244394569009715,0.0,0.0,0.23930947841033107,0.0005571030640667551,0.0011148272017835748,0.0011148272017835748,0.0014497602319616387,-0.004213794632956458,-0.004213794632956458,-0.0018895187284651005,-0.0007789028596862924,-0.007296042449701501,1.3300017674343318,2.062320994437723,1.9238972242500487,2.3708248703116603,0.8037324361915215,0.7500000000000444,1.0,0.0,1.0,-0.0012747889467842333]|0.0
[-0.00010019649646242357,0.0006373610469421198,-0.0015878361453295353,0.0001002065368063132,0.23024368755176222,0.0022251971922716317,0.00010019649646246652,0.0006373610469420991,0.001487639648867066,-0.007786232769559698,0.0018178119577643148,-0.00044540821081184845,-0.004430334878642639,0.002264228674619062,0.0040026597911106965,0.00020110957343821845,0.5325556197096283,0.0,0.0,0.0042636398908117825,1.0002884693690473,0.0,0.004262410315997306,0.0028656999306719737,0.0033956551030781814,-0.0005299551724062078,0.0,0.0,0.03067971316057562,0.000984633737771185,0.0,0.0,0.532093968174268,0.0001002065368063132,-0.0006452940816519259,-0.0005076826997035822,-0.006772745366889321,-0.007786232769559698,-0.0028848275278318125,0.01481863309301712,0.010864228791683361,0.014071070832339716,0.5027542080246836,0.5922831413687469,0.8922915228950735,0.4946133435415512,0.7509547831129363,0.04502814258909754,0.0,0.0,0.0,0.006275951402803459]|0.0
